{"cameraMode":{"drawMode":0,"name":"Shaded","section":"Shading Mode"},"sceneLighting":true,"audioPlay":false,"sceneViewState":{"showFog":true,"showMaterialUpdate":false,"showSkybox":true,"showFlares":true,"showImageEffects":true,"showParticleSystems":true},"in2DMode":false,"pivot":{"x":-0.008044369518756867,"y":0.17678135633468629,"z":57.59092330932617},"rotation":{"x":-0.09379022568464279,"y":0.7556440830230713,"z":-0.11096683889627457,"w":-0.6386675238609314},"size":4.74107551574707,"orthographic":false}